Symbol,EnsemblID,log2FoldChange,pvalue,padj,UniProt
VEGFA,ENSG00000112715,3.42,1.20E-12,4.50E-10,P15692
"SLC2A1,ENSG00000117394,2.88,8.90e-10,2.10e-08,P11166",,,,,
"HIF1A,ENSG00000100644,2.15,4.50e-07,9.80e-06,Q16665",,,,,
"LDHA,ENSG00000134333,1.92,1.10e-05,1.80e-04,P00338",,,,,
"EPAS1,ENSG00000129521,1.65,3.20e-04,2.10e-03,Q99814",,,,,
"MTOR,ENSG00000198793,0.85,1.20e-02,3.40e-02,P42345",,,,,
"NOS3,ENSG00000165629,-1.35,2.80e-03,1.10e-02,P29474",,,,,
"EGLN1,ENSG00000135766,-2.15,3.40e-08,1.20e-06,Q9GZT9",,,,,
"VHL,ENSG00000134086,-1.82,4.10e-06,8.50e-05,P40337",,,,,
